id;street_number;street;compliment_1;compliment_2;zip_code;city;state;country
1;mindshare Interactions Versatile;Wilderman Spring;Rubber line applications;Sports withdrawal Architect;80470;Toledo;supply-chains Pants;Jamaica
2;web-readiness copy;Wuckert Pine;purple Credit Developer;Chile;15877;Russelbury;Berkshire Designer the;Norway
3;bypassing;Jairo Rue;Pizza;interactive;77423;South Nora;Account;Romania
4;Alaska;Amani Ford;reboot ubiquitous Avon;Account Assimilated optical;4639;West Jayceburgh;alarm Dinar Bacon;India
5;bus;Ernest Field;calculating Texas invoice;Savings motivating Account;41562;Joliefurt;Greece;Virgin Islands, U.S.
6;out-of-the-box payment calculating;Laurianne Skyway;boliviano;time-frame;38864;Port Jameyfurt;benchmark;Bulgaria
7;Principal Personal;Dortha Summit;Shoes;circuit;38234;West Everett;transparent purple alarm;Estonia
8;Montana Fully-configurable Cambridgeshire;Treutel Square;Branding task-force;Gold;85263;Beckerbury;Profound;Comoros
9;compress Licensed navigate;Wilderman Light;Tasty Soft olive;Anguilla;64803;New Nicklausbury;Beauty Court;Namibia
10;Keyboard;Schoen Ramp;Norwegian;override Incredible;18375;East Gavin;infomediaries Sausages;Israel
