id;firstname;lastname;gender_id;street_address;birth_date;email;password
1;reciprocal withdrawal;synthesize compressing;MISS;Island applications paradigm;foreground XSS engage;Troy43@yahoo.com;capacitor hard
2;iterate;online Account global;NON_BINARY;Jewelery Internal;Licensed;Dusty.Volkman43@yahoo.com;Cambridgeshire Customer-focused
3;Associate Taiwan;Mouse;MISS;Mill Licensed Music;Plastic Multi-layered;Rhianna22@hotmail.com;Plastic
4;regional;Grocery;MISS;Corporate Proactive Granite;Forward Up-sized payment;Dominic20@yahoo.com;Automotive Fantastic Ball
5;Pants;Market Gorgeous;NON_BINARY;Nicaragua Executive;JBOD optical;Willa_Boyer97@yahoo.com;Rubber Branding Soap
6;Shoes;Berkshire SQL Fresh;NON_BINARY;magnetic invoice;Central silver;Gaston_Dooley51@yahoo.com;Delaware Sausages
7;index;e-business Loan;MISTER;program;Chips Dinar withdrawal;Eve77@hotmail.com;payment Ergonomic FTP
8;Oregon Ohio Monaco;Massachusetts Islands;MISS;Wall Morocco;panel;Imogene87@gmail.com;Soft convergence Berkshire
9;Granite;Colon Mouse;MISS;payment deploy;morph Sleek eyeballs;Abigail.Koelpin@hotmail.com;Outdoors
10;Checking Sausages;neural Card;NON_BINARY;Books full-range;parsing Bedfordshire;Randal.Strosin81@hotmail.com;Falkland
