id;firstname;lastname;gender;birth_date;email;password
1;Alaska;utilize;MISS;2021-09-10T22:45:04;Florencio.Johnson@hotmail.com;Tools visualize Fantastic
2;navigate Towels;Buckinghamshire bypass;MISTER;2021-09-11T04:18:53;Aryanna_OHara61@hotmail.com;Wyoming connect Metal
3;Sausages Kyrgyz New;interactive grey services;MISS;2021-09-11T06:31:53;Sharon.Pacocha54@hotmail.com;Unbranded Kids intermediate
4;cyan Generic;Loan dedicated array;NON_BINARY;2021-09-11T00:20:32;Zaria.Yundt63@hotmail.com;payment Fish
5;bypass Corporate;Generic;NON_BINARY;2021-09-10T21:03:47;Dariana97@hotmail.com;Grocery Shilling
6;fuchsia;Concrete Small;MISTER;2021-09-10T18:15:04;Keegan.Skiles14@gmail.com;compressing
7;blue Salad;Tactics Bahamas;NON_BINARY;2021-09-11T08:11:49;Eugenia.Turner84@gmail.com;5th
8;Carolina tangible Fresh;National Pataca;NON_BINARY;2021-09-11T05:42:27;Arielle_Tromp@hotmail.com;Cambodia Bike Berkshire
9;Data platforms;SAS Health;MISTER;2021-09-11T04:17:02;Sylvester.Reilly7@hotmail.com;Keyboard
10;Investment users Pants;driver Organized Mississippi;MISS;2021-09-10T16:56:24;Alisha_Friesen@hotmail.com;invoice open Technician
